{"0":{"prov":"Nanggroe Aceh Darussalam (NAD)","kota":[{"nama":"Aceh Barat Daya","id":"2"},{"nama":"Aceh Besar","id":"3"},{"nama":"Aceh Jaya","id":"4"},{"nama":"Aceh Selatan","id":"5"},{"nama":"Aceh Singkil","id":"6"},{"nama":"Aceh Tamiang","id":"7"},{"nama":"Aceh Tengah","id":"8"},{"nama":"Aceh Tenggara","id":"9"},{"nama":"Aceh Timur","id":"10"},{"nama":"Aceh Utara","id":"11"},{"nama":"Banda Aceh","id":"20"},{"nama":"Bener Meriah","id":"59"},{"nama":"Bireuen","id":"72"},{"nama":"Gayo Lues","id":"127"},{"nama":"Langsa","id":"230"},{"nama":"Lhokseumawe","id":"235"},{"nama":"Nagan Raya","id":"300"},{"nama":"Pidie","id":"358"},{"nama":"Pidie Jaya","id":"359"},{"nama":"Sabang","id":"384"},{"nama":"Simeulue","id":"414"},{"nama":"Subulussalam","id":"429"}]},"10":{"prov":"Jawa Barat","kota":[{"nama":"Bandung","id":"23"},{"nama":"Bandung Barat","id":"24"},{"nama":"Banjar","id":"34"},{"nama":"Bekasi","id":"54"},{"nama":"Bekasi","id":"55"},{"nama":"Bogor","id":"78"},{"nama":"Bogor","id":"79"},{"nama":"Ciamis","id":"103"},{"nama":"Cianjur","id":"104"},{"nama":"Cimahi","id":"107"},{"nama":"Cirebon","id":"108"},{"nama":"Cirebon","id":"109"},{"nama":"Depok","id":"115"},{"nama":"Garut","id":"126"},{"nama":"Indramayu","id":"149"},{"nama":"Karawang","id":"171"},{"nama":"Kuningan","id":"211"},{"nama":"Majalengka","id":"252"},{"nama":"Pangandaran","id":"332"},{"nama":"Purwakarta","id":"376"},{"nama":"Subang","id":"428"},{"nama":"Sukabumi","id":"430"},{"nama":"Sukabumi","id":"431"},{"nama":"Sumedang","id":"440"},{"nama":"Tasikmalaya","id":"468"},{"nama":"Tasikmalaya","id":"469"}]},"11":{"prov":"Sulawesi Tengah","kota":[{"nama":"Banggai Kepulauan","id":"26"},{"nama":"Buol","id":"98"},{"nama":"Donggala","id":"119"},{"nama":"Morowali","id":"291"},{"nama":"Palu","id":"329"},{"nama":"Parigi Moutong","id":"338"},{"nama":"Poso","id":"366"},{"nama":"Sigi","id":"410"},{"nama":"Tojo Una-Una","id":"482"},{"nama":"Toli-Toli","id":"483"}]},"12":{"prov":"Bangka Belitung","kota":[{"nama":"Bangka Barat","id":"28"},{"nama":"Bangka Selatan","id":"29"},{"nama":"Bangka Tengah","id":"30"},{"nama":"Belitung","id":"56"},{"nama":"Belitung Timur","id":"57"},{"nama":"Pangkal Pinang","id":"334"}]},"6":{"prov":"Bali","kota":[{"nama":"Bangli","id":"32"},{"nama":"Buleleng","id":"94"},{"nama":"Denpasar","id":"114"},{"nama":"Gianyar","id":"128"},{"nama":"Jembrana","id":"161"},{"nama":"Karangasem","id":"170"},{"nama":"Klungkung","id":"197"},{"nama":"Tabanan","id":"447"}]},"7":{"prov":"Kalimantan Selatan","kota":[{"nama":"Banjar","id":"33"},{"nama":"Banjarbaru","id":"35"},{"nama":"Banjarmasin","id":"36"},{"nama":"Barito Kuala","id":"43"},{"nama":"Hulu Sungai Selatan","id":"143"},{"nama":"Hulu Sungai Tengah","id":"144"},{"nama":"Hulu Sungai Utara","id":"145"},{"nama":"Kotabaru","id":"203"},{"nama":"Tabalong","id":"446"},{"nama":"Tanah Bumbu","id":"452"},{"nama":"Tanah Laut","id":"454"},{"nama":"Tapin","id":"466"}]},"14":{"prov":"Jawa Tengah","kota":[{"nama":"Banyumas","id":"41"},{"nama":"Batang","id":"49"},{"nama":"Blora","id":"76"},{"nama":"Boyolali","id":"91"},{"nama":"Brebes","id":"92"},{"nama":"Cilacap","id":"105"},{"nama":"Demak","id":"113"},{"nama":"Grobogan","id":"134"},{"nama":"Jepara","id":"163"},{"nama":"Karanganyar","id":"169"},{"nama":"Kebumen","id":"177"},{"nama":"Kendal","id":"181"},{"nama":"Klaten","id":"196"},{"nama":"Kudus","id":"209"},{"nama":"Magelang","id":"249"},{"nama":"Magelang","id":"250"},{"nama":"Pati","id":"344"},{"nama":"Pekalongan","id":"349"},{"nama":"Pemalang","id":"352"},{"nama":"Purbalingga","id":"375"},{"nama":"Purworejo","id":"377"},{"nama":"Rembang","id":"380"},{"nama":"Salatiga","id":"386"},{"nama":"Semarang","id":"398"},{"nama":"Semarang","id":"399"},{"nama":"Sragen","id":"427"},{"nama":"Sukoharjo","id":"433"},{"nama":"Surakarta (Solo)","id":"445"},{"nama":"Tegal","id":"472"},{"nama":"Tegal","id":"473"},{"nama":"Temanggung","id":"476"},{"nama":"Wonogiri","id":"497"},{"nama":"Wonosobo","id":"498"}]},"13":{"prov":"Jawa Timur","kota":[{"nama":"Banyuwangi","id":"42"},{"nama":"Batu","id":"51"},{"nama":"Blitar","id":"74"},{"nama":"Blitar","id":"75"},{"nama":"Bojonegoro","id":"80"},{"nama":"Bondowoso","id":"86"},{"nama":"Gresik","id":"133"},{"nama":"Jember","id":"160"},{"nama":"Jombang","id":"164"},{"nama":"Kediri","id":"178"},{"nama":"Kediri","id":"179"},{"nama":"Lamongan","id":"222"},{"nama":"Lumajang","id":"243"},{"nama":"Madiun","id":"247"},{"nama":"Madiun","id":"248"},{"nama":"Magetan","id":"251"},{"nama":"Malang","id":"255"},{"nama":"Malang","id":"256"},{"nama":"Mojokerto","id":"289"},{"nama":"Mojokerto","id":"290"},{"nama":"Nganjuk","id":"305"},{"nama":"Ngawi","id":"306"},{"nama":"Pacitan","id":"317"},{"nama":"Pamekasan","id":"330"},{"nama":"Pasuruan","id":"342"},{"nama":"Pasuruan","id":"343"},{"nama":"Ponorogo","id":"363"},{"nama":"Probolinggo","id":"369"},{"nama":"Probolinggo","id":"370"},{"nama":"Sampang","id":"390"},{"nama":"Sidoarjo","id":"409"},{"nama":"Situbondo","id":"418"},{"nama":"Sumenep","id":"441"},{"nama":"Surabaya","id":"444"},{"nama":"Trenggalek","id":"487"},{"nama":"Tuban","id":"489"},{"nama":"Tulungagung","id":"492"}]},"18":{"prov":"Kalimantan Tengah","kota":[{"nama":"Barito Timur","id":"45"},{"nama":"Barito Utara","id":"46"},{"nama":"Gunung Mas","id":"136"},{"nama":"Kapuas","id":"167"},{"nama":"Katingan","id":"174"},{"nama":"Kotawaringin Barat","id":"205"},{"nama":"Kotawaringin Timur","id":"206"},{"nama":"Lamandau","id":"221"},{"nama":"Murung Raya","id":"296"},{"nama":"Palangka Raya","id":"326"},{"nama":"Pulang Pisau","id":"371"},{"nama":"Seruyan","id":"405"},{"nama":"Sukamara","id":"432"}]},"15":{"prov":"Sulawesi Selatan","kota":[{"nama":"Barru","id":"47"},{"nama":"Bone","id":"87"},{"nama":"Bulukumba","id":"95"},{"nama":"Enrekang","id":"123"},{"nama":"Gowa","id":"132"},{"nama":"Jeneponto","id":"162"},{"nama":"Luwu","id":"244"},{"nama":"Luwu Timur","id":"245"},{"nama":"Luwu Utara","id":"246"},{"nama":"Makassar","id":"254"},{"nama":"Maros","id":"275"},{"nama":"Palopo","id":"328"},{"nama":"Pangkajene Kepulauan","id":"333"},{"nama":"Parepare","id":"336"},{"nama":"Pinrang","id":"360"},{"nama":"Selayar (Kepulauan Selayar)","id":"396"},{"nama":"Sidenreng Rappang\/Rapang","id":"408"},{"nama":"Sinjai","id":"416"},{"nama":"Soppeng","id":"423"},{"nama":"Takalar","id":"448"},{"nama":"Tana Toraja","id":"451"},{"nama":"Toraja Utara","id":"486"},{"nama":"Wajo","id":"493"}]},"4":{"prov":"Sumatera Utara","kota":[{"nama":"Batu Bara","id":"52"},{"nama":"Binjai","id":"70"},{"nama":"Dairi","id":"110"},{"nama":"Deli Serdang","id":"112"},{"nama":"Gunungsitoli","id":"137"},{"nama":"Humbang Hasundutan","id":"146"},{"nama":"Karo","id":"173"},{"nama":"Labuhan Batu","id":"217"},{"nama":"Labuhan Batu Selatan","id":"218"},{"nama":"Labuhan Batu Utara","id":"219"},{"nama":"Langkat","id":"229"},{"nama":"Mandailing Natal","id":"268"},{"nama":"Medan","id":"278"},{"nama":"Nias","id":"307"},{"nama":"Nias Barat","id":"308"},{"nama":"Nias Selatan","id":"309"},{"nama":"Nias Utara","id":"310"},{"nama":"Padang Lawas","id":"319"},{"nama":"Padang Lawas Utara","id":"320"},{"nama":"Padang Sidempuan","id":"323"},{"nama":"Pakpak Bharat","id":"325"},{"nama":"Pematang Siantar","id":"353"},{"nama":"Samosir","id":"389"},{"nama":"Serdang Bedagai","id":"404"},{"nama":"Sibolga","id":"407"},{"nama":"Simalungun","id":"413"},{"nama":"Tanjung Balai","id":"459"},{"nama":"Tapanuli Selatan","id":"463"},{"nama":"Tapanuli Tengah","id":"464"},{"nama":"Tapanuli Utara","id":"465"},{"nama":"Tebing Tinggi","id":"470"},{"nama":"Toba Samosir","id":"481"}]},"2":{"prov":"Nusa Tenggara Timur (NTT)","kota":[{"nama":"Belu","id":"58"},{"nama":"Ende","id":"122"},{"nama":"Flores Timur","id":"125"},{"nama":"Kupang","id":"212"},{"nama":"Kupang","id":"213"},{"nama":"Lembata","id":"234"},{"nama":"Manggarai","id":"269"},{"nama":"Manggarai Barat","id":"270"},{"nama":"Manggarai Timur","id":"271"},{"nama":"Nagekeo","id":"301"},{"nama":"Ngada","id":"304"},{"nama":"Rote Ndao","id":"383"},{"nama":"Sabu Raijua","id":"385"},{"nama":"Sikka","id":"412"},{"nama":"Sumba Barat","id":"434"},{"nama":"Sumba Barat Daya","id":"435"},{"nama":"Sumba Tengah","id":"436"},{"nama":"Sumba Timur","id":"437"},{"nama":"Timor Tengah Selatan","id":"479"},{"nama":"Timor Tengah Utara","id":"480"}]},"24":{"prov":"Bengkulu","kota":[{"nama":"Bengkulu Selatan","id":"63"},{"nama":"Bengkulu Tengah","id":"64"},{"nama":"Bengkulu Utara","id":"65"},{"nama":"Kaur","id":"175"},{"nama":"Kepahiang","id":"183"},{"nama":"Lebong","id":"233"},{"nama":"Muko Muko","id":"294"},{"nama":"Rejang Lebong","id":"379"},{"nama":"Seluma","id":"397"}]},"8":{"prov":"Kalimantan Timur","kota":[{"nama":"Berau","id":"66"},{"nama":"Bontang","id":"89"},{"nama":"Kutai Barat","id":"214"},{"nama":"Kutai Kartanegara","id":"215"},{"nama":"Kutai Timur","id":"216"},{"nama":"Paser","id":"341"},{"nama":"Penajam Paser Utara","id":"354"},{"nama":"Samarinda","id":"387"}]},"5":{"prov":"Papua","kota":[{"nama":"Biak Numfor","id":"67"},{"nama":"Boven Digoel","id":"90"},{"nama":"Deiyai (Deliyai)","id":"111"},{"nama":"Dogiyai","id":"117"},{"nama":"Intan Jaya","id":"150"},{"nama":"Jayapura","id":"157"},{"nama":"Jayapura","id":"158"},{"nama":"Jayawijaya","id":"159"},{"nama":"Keerom","id":"180"},{"nama":"Kepulauan Yapen (Yapen Waropen)","id":"193"},{"nama":"Lanny Jaya","id":"231"},{"nama":"Mamberamo Raya","id":"263"},{"nama":"Mamberamo Tengah","id":"264"},{"nama":"Mappi","id":"274"},{"nama":"Merauke","id":"281"},{"nama":"Mimika","id":"284"},{"nama":"Nabire","id":"299"},{"nama":"Nduga","id":"303"},{"nama":"Paniai","id":"335"},{"nama":"Pegunungan Bintang","id":"347"},{"nama":"Puncak","id":"373"},{"nama":"Puncak Jaya","id":"374"},{"nama":"Sarmi","id":"392"},{"nama":"Supiori","id":"443"},{"nama":"Tolikara","id":"484"},{"nama":"Waropen","id":"495"},{"nama":"Yahukimo","id":"499"},{"nama":"Yalimo","id":"500"}]},"25":{"prov":"Nusa Tenggara Barat (NTB)","kota":[{"nama":"Bima","id":"69"},{"nama":"Dompu","id":"118"},{"nama":"Lombok Barat","id":"238"},{"nama":"Lombok Tengah","id":"239"},{"nama":"Lombok Timur","id":"240"},{"nama":"Lombok Utara","id":"241"},{"nama":"Mataram","id":"276"},{"nama":"Sumbawa","id":"438"},{"nama":"Sumbawa Barat","id":"439"}]},"19":{"prov":"Kepulauan Riau","kota":[{"nama":"Bintan","id":"71"},{"nama":"Karimun","id":"172"},{"nama":"Kepulauan Anambas","id":"184"},{"nama":"Lingga","id":"237"},{"nama":"Natuna","id":"302"},{"nama":"Tanjung Pinang","id":"462"}]},"26":{"prov":"Sulawesi Utara","kota":[{"nama":"Bolaang Mongondow (Bolmong)","id":"81"},{"nama":"Bolaang Mongondow Selatan","id":"82"},{"nama":"Bolaang Mongondow Timur","id":"83"},{"nama":"Bolaang Mongondow Utara","id":"84"},{"nama":"Kepulauan Sangihe","id":"188"},{"nama":"Kepulauan Siau Tagulandang Biaro (Sitaro)","id":"190"},{"nama":"Kepulauan Talaud","id":"192"},{"nama":"Kotamobagu","id":"204"},{"nama":"Manado","id":"267"},{"nama":"Minahasa","id":"285"},{"nama":"Minahasa Selatan","id":"286"},{"nama":"Minahasa Tenggara","id":"287"},{"nama":"Minahasa Utara","id":"288"},{"nama":"Tomohon","id":"485"}]},"21":{"prov":"Sulawesi Tenggara","kota":[{"nama":"Bombana","id":"85"},{"nama":"Buton","id":"101"},{"nama":"Buton Utara","id":"102"},{"nama":"Kendari","id":"182"},{"nama":"Kolaka","id":"198"},{"nama":"Kolaka Utara","id":"199"},{"nama":"Konawe","id":"200"},{"nama":"Konawe Selatan","id":"201"},{"nama":"Konawe Utara","id":"202"},{"nama":"Muna","id":"295"},{"nama":"Wakatobi","id":"494"}]},"27":{"prov":"Gorontalo","kota":[{"nama":"Bone Bolango","id":"88"},{"nama":"Gorontalo","id":"129"},{"nama":"Gorontalo","id":"130"},{"nama":"Gorontalo Utara","id":"131"},{"nama":"Pohuwato","id":"361"}]},"1":{"prov":"Sumatera Barat","kota":[{"nama":"Bukittinggi","id":"93"},{"nama":"Dharmasraya","id":"116"},{"nama":"Kepulauan Mentawai","id":"186"},{"nama":"Lima Puluh Koto\/Kota","id":"236"},{"nama":"Padang","id":"318"},{"nama":"Padang Panjang","id":"321"},{"nama":"Padang Pariaman","id":"322"},{"nama":"Pariaman","id":"337"},{"nama":"Pasaman","id":"339"},{"nama":"Pasaman Barat","id":"340"},{"nama":"Payakumbuh","id":"345"},{"nama":"Pesisir Selatan","id":"357"},{"nama":"Sawah Lunto","id":"394"},{"nama":"Sijunjung (Sawah Lunto Sijunjung)","id":"411"},{"nama":"Solok","id":"420"},{"nama":"Solok","id":"421"},{"nama":"Solok Selatan","id":"422"},{"nama":"Tanah Datar","id":"453"}]},"20":{"prov":"Jambi","kota":[{"nama":"Bungo","id":"97"},{"nama":"Jambi","id":"156"},{"nama":"Kerinci","id":"194"},{"nama":"Merangin","id":"280"},{"nama":"Muaro Jambi","id":"293"},{"nama":"Sarolangun","id":"393"},{"nama":"Sungaipenuh","id":"442"},{"nama":"Tanjung Jabung Barat","id":"460"},{"nama":"Tanjung Jabung Timur","id":"461"},{"nama":"Tebo","id":"471"}]},"3":{"prov":"Maluku","kota":[{"nama":"Buru","id":"99"},{"nama":"Buru Selatan","id":"100"},{"nama":"Kepulauan Aru","id":"185"},{"nama":"Maluku Barat Daya","id":"258"},{"nama":"Maluku Tengah","id":"259"},{"nama":"Maluku Tenggara","id":"260"},{"nama":"Maluku Tenggara Barat","id":"261"},{"nama":"Seram Bagian Barat","id":"400"},{"nama":"Seram Bagian Timur","id":"401"},{"nama":"Tual","id":"488"}]},"22":{"prov":"Riau","kota":[{"nama":"Dumai","id":"120"},{"nama":"Indragiri Hilir","id":"147"},{"nama":"Indragiri Hulu","id":"148"},{"nama":"Kampar","id":"166"},{"nama":"Kepulauan Meranti","id":"187"},{"nama":"Kuantan Singingi","id":"207"},{"nama":"Pekanbaru","id":"350"},{"nama":"Pelalawan","id":"351"},{"nama":"Rokan Hilir","id":"381"},{"nama":"Rokan Hulu","id":"382"},{"nama":"Siak","id":"406"}]},"17":{"prov":"Sumatera Selatan","kota":[{"nama":"Empat Lawang","id":"121"},{"nama":"Lahat","id":"220"},{"nama":"Lubuk Linggau","id":"242"},{"nama":"Muara Enim","id":"292"},{"nama":"Musi Banyuasin","id":"297"},{"nama":"Musi Rawas","id":"298"},{"nama":"Ogan Ilir","id":"312"},{"nama":"Ogan Komering Ilir","id":"313"},{"nama":"Ogan Komering Ulu","id":"314"},{"nama":"Ogan Komering Ulu Selatan","id":"315"},{"nama":"Ogan Komering Ulu Timur","id":"316"},{"nama":"Pagar Alam","id":"324"},{"nama":"Palembang","id":"327"},{"nama":"Prabumulih","id":"367"}]},"16":{"prov":"DI Yogyakarta","kota":[{"nama":"Gunung Kidul","id":"135"},{"nama":"Kulon Progo","id":"210"},{"nama":"Sleman","id":"419"},{"nama":"Yogyakarta","id":"501"}]},"31":{"prov":"Maluku Utara","kota":[{"nama":"Halmahera Selatan","id":"139"},{"nama":"Halmahera Tengah","id":"140"},{"nama":"Halmahera Timur","id":"141"},{"nama":"Halmahera Utara","id":"142"},{"nama":"Kepulauan Sula","id":"191"},{"nama":"Pulau Morotai","id":"372"},{"nama":"Ternate","id":"477"},{"nama":"Tidore Kepulauan","id":"478"}]},"32":{"prov":"DKI Jakarta","kota":[{"nama":"Jakarta Pusat","id":"152"},{"nama":"Jakarta Selatan","id":"153"},{"nama":"Jakarta Timur","id":"154"},{"nama":"Jakarta Utara","id":"155"},{"nama":"Kepulauan Seribu","id":"189"}]},"30":{"prov":"Papua Barat","kota":[{"nama":"Kaimana","id":"165"},{"nama":"Manokwari","id":"272"},{"nama":"Manokwari Selatan","id":"273"},{"nama":"Maybrat","id":"277"},{"nama":"Pegunungan Arfak","id":"346"},{"nama":"Raja Ampat","id":"378"},{"nama":"Sorong","id":"424"},{"nama":"Sorong","id":"425"},{"nama":"Sorong Selatan","id":"426"},{"nama":"Tambrauw","id":"449"},{"nama":"Teluk Bintuni","id":"474"},{"nama":"Teluk Wondama","id":"475"}]},"23":{"prov":"Kalimantan Barat","kota":[{"nama":"Kapuas Hulu","id":"168"},{"nama":"Kayong Utara","id":"176"},{"nama":"Ketapang","id":"195"},{"nama":"Kubu Raya","id":"208"},{"nama":"Landak","id":"228"},{"nama":"Melawi","id":"279"},{"nama":"Pontianak","id":"364"},{"nama":"Pontianak","id":"365"},{"nama":"Sambas","id":"388"},{"nama":"Sanggau","id":"391"},{"nama":"Sekadau","id":"395"},{"nama":"Singkawang","id":"415"},{"nama":"Sintang","id":"417"}]},"9":{"prov":"Lampung","kota":[{"nama":"Lampung Barat","id":"223"},{"nama":"Lampung Selatan","id":"224"},{"nama":"Lampung Tengah","id":"225"},{"nama":"Lampung Timur","id":"226"},{"nama":"Lampung Utara","id":"227"},{"nama":"Mesuji","id":"282"},{"nama":"Metro","id":"283"},{"nama":"Pesawaran","id":"355"},{"nama":"Pesisir Barat","id":"356"},{"nama":"Pringsewu","id":"368"},{"nama":"Tanggamus","id":"458"},{"nama":"Tulang Bawang","id":"490"},{"nama":"Tulang Bawang Barat","id":"491"},{"nama":"Way Kanan","id":"496"}]},"29":{"prov":"Banten","kota":[{"nama":"Lebak","id":"232"},{"nama":"Pandeglang","id":"331"},{"nama":"Serang","id":"402"},{"nama":"Serang","id":"403"},{"nama":"Tangerang","id":"455"},{"nama":"Tangerang","id":"456"},{"nama":"Tangerang Selatan","id":"457"}]},"28":{"prov":"Kalimantan Utara","kota":[{"nama":"Malinau","id":"257"},{"nama":"Nunukan","id":"311"},{"nama":"Tana Tidung","id":"450"},{"nama":"Tarakan","id":"467"}]},"33":{"prov":"Sulawesi Barat","kota":[{"nama":"Mamasa","id":"262"},{"nama":"Mamuju","id":"265"},{"nama":"Mamuju Utara","id":"266"},{"nama":"Polewali Mandar","id":"362"}]}}